{"name":"CmykPrintsWebsite","classpathEntries":[{"kind":"binary","path":"C:\\Program Files\\Java\\jre1.8.0_221\\lib\\resources.jar","javadocContainerUrl":"https://docs.oracle.com/javase/1/docs/api/","isSystem":true,"isOwn":false,"isTest":false,"isJavaContent":false},{"kind":"binary","path":"C:\\Program Files\\Java\\jre1.8.0_221\\lib\\rt.jar","javadocContainerUrl":"https://docs.oracle.com/javase/1/docs/api/","isSystem":true,"isOwn":false,"isTest":false,"isJavaContent":false},{"kind":"binary","path":"C:\\Program Files\\Java\\jre1.8.0_221\\lib\\jsse.jar","javadocContainerUrl":"https://docs.oracle.com/javase/1/docs/api/","isSystem":true,"isOwn":false,"isTest":false,"isJavaContent":false},{"kind":"binary","path":"C:\\Program Files\\Java\\jre1.8.0_221\\lib\\jce.jar","javadocContainerUrl":"https://docs.oracle.com/javase/1/docs/api/","isSystem":true,"isOwn":false,"isTest":false,"isJavaContent":false},{"kind":"binary","path":"C:\\Program Files\\Java\\jre1.8.0_221\\lib\\charsets.jar","javadocContainerUrl":"https://docs.oracle.com/javase/1/docs/api/","isSystem":true,"isOwn":false,"isTest":false,"isJavaContent":false},{"kind":"binary","path":"C:\\Program Files\\Java\\jre1.8.0_221\\lib\\jfr.jar","javadocContainerUrl":"https://docs.oracle.com/javase/1/docs/api/","isSystem":true,"isOwn":false,"isTest":false,"isJavaContent":false},{"kind":"binary","path":"C:\\Users\\xavier capistrano\\.m2\\repository\\org\\hibernate\\hibernate-core\\5.2.12.Final\\hibernate-core-5.2.12.Final.jar","sourceContainerUrl":"file:/C:/Users/xavier%20capistrano/.m2/repository/org/hibernate/hibernate-core/5.2.12.Final/hibernate-core-5.2.12.Final-sources.jar","isSystem":false,"isOwn":false,"isTest":false,"isJavaContent":false},{"kind":"binary","path":"C:\\Users\\xavier capistrano\\.m2\\repository\\org\\jboss\\logging\\jboss-logging\\3.3.0.Final\\jboss-logging-3.3.0.Final.jar","sourceContainerUrl":"file:/C:/Users/xavier%20capistrano/.m2/repository/org/jboss/logging/jboss-logging/3.3.0.Final/jboss-logging-3.3.0.Final-sources.jar","javadocContainerUrl":"file:/C:/Users/xavier%20capistrano/.m2/repository/org/jboss/logging/jboss-logging/3.3.0.Final/jboss-logging-3.3.0.Final-javadoc.jar","isSystem":false,"isOwn":false,"isTest":false,"isJavaContent":false},{"kind":"binary","path":"C:\\Users\\xavier capistrano\\.m2\\repository\\org\\hibernate\\javax\\persistence\\hibernate-jpa-2.1-api\\1.0.0.Final\\hibernate-jpa-2.1-api-1.0.0.Final.jar","sourceContainerUrl":"file:/C:/Users/xavier%20capistrano/.m2/repository/org/hibernate/javax/persistence/hibernate-jpa-2.1-api/1.0.0.Final/hibernate-jpa-2.1-api-1.0.0.Final-sources.jar","javadocContainerUrl":"file:/C:/Users/xavier%20capistrano/.m2/repository/org/hibernate/javax/persistence/hibernate-jpa-2.1-api/1.0.0.Final/hibernate-jpa-2.1-api-1.0.0.Final-javadoc.jar","isSystem":false,"isOwn":false,"isTest":false,"isJavaContent":false},{"kind":"binary","path":"C:\\Users\\xavier capistrano\\.m2\\repository\\org\\javassist\\javassist\\3.20.0-GA\\javassist-3.20.0-GA.jar","sourceContainerUrl":"file:/C:/Users/xavier%20capistrano/.m2/repository/org/javassist/javassist/3.20.0-GA/javassist-3.20.0-GA-sources.jar","javadocContainerUrl":"file:/C:/Users/xavier%20capistrano/.m2/repository/org/javassist/javassist/3.20.0-GA/javassist-3.20.0-GA-javadoc.jar","isSystem":false,"isOwn":false,"isTest":false,"isJavaContent":false},{"kind":"binary","path":"C:\\Users\\xavier capistrano\\.m2\\repository\\antlr\\antlr\\2.7.7\\antlr-2.7.7.jar","isSystem":false,"isOwn":false,"isTest":false,"isJavaContent":false},{"kind":"binary","path":"C:\\Users\\xavier capistrano\\.m2\\repository\\org\\jboss\\spec\\javax\\transaction\\jboss-transaction-api_1.2_spec\\1.0.1.Final\\jboss-transaction-api_1.2_spec-1.0.1.Final.jar","sourceContainerUrl":"file:/C:/Users/xavier%20capistrano/.m2/repository/org/jboss/spec/javax/transaction/jboss-transaction-api_1.2_spec/1.0.1.Final/jboss-transaction-api_1.2_spec-1.0.1.Final-sources.jar","javadocContainerUrl":"file:/C:/Users/xavier%20capistrano/.m2/repository/org/jboss/spec/javax/transaction/jboss-transaction-api_1.2_spec/1.0.1.Final/jboss-transaction-api_1.2_spec-1.0.1.Final-javadoc.jar","isSystem":false,"isOwn":false,"isTest":false,"isJavaContent":false},{"kind":"binary","path":"C:\\Users\\xavier capistrano\\.m2\\repository\\org\\jboss\\jandex\\2.0.3.Final\\jandex-2.0.3.Final.jar","sourceContainerUrl":"file:/C:/Users/xavier%20capistrano/.m2/repository/org/jboss/jandex/2.0.3.Final/jandex-2.0.3.Final-sources.jar","isSystem":false,"isOwn":false,"isTest":false,"isJavaContent":false},{"kind":"binary","path":"C:\\Users\\xavier capistrano\\.m2\\repository\\com\\fasterxml\\classmate\\1.3.0\\classmate-1.3.0.jar","sourceContainerUrl":"file:/C:/Users/xavier%20capistrano/.m2/repository/com/fasterxml/classmate/1.3.0/classmate-1.3.0-sources.jar","javadocContainerUrl":"file:/C:/Users/xavier%20capistrano/.m2/repository/com/fasterxml/classmate/1.3.0/classmate-1.3.0-javadoc.jar","isSystem":false,"isOwn":false,"isTest":false,"isJavaContent":false},{"kind":"binary","path":"C:\\Users\\xavier capistrano\\.m2\\repository\\dom4j\\dom4j\\1.6.1\\dom4j-1.6.1.jar","sourceContainerUrl":"file:/C:/Users/xavier%20capistrano/.m2/repository/dom4j/dom4j/1.6.1/dom4j-1.6.1-sources.jar","isSystem":false,"isOwn":false,"isTest":false,"isJavaContent":false},{"kind":"binary","path":"C:\\Users\\xavier capistrano\\.m2\\repository\\org\\hibernate\\common\\hibernate-commons-annotations\\5.0.1.Final\\hibernate-commons-annotations-5.0.1.Final.jar","sourceContainerUrl":"file:/C:/Users/xavier%20capistrano/.m2/repository/org/hibernate/common/hibernate-commons-annotations/5.0.1.Final/hibernate-commons-annotations-5.0.1.Final-sources.jar","isSystem":false,"isOwn":false,"isTest":false,"isJavaContent":false},{"kind":"binary","path":"C:\\Users\\xavier capistrano\\.m2\\repository\\mysql\\mysql-connector-java\\8.0.19\\mysql-connector-java-8.0.19.jar","sourceContainerUrl":"file:/C:/Users/xavier%20capistrano/.m2/repository/mysql/mysql-connector-java/8.0.19/mysql-connector-java-8.0.19-sources.jar","isSystem":false,"isOwn":false,"isTest":false,"isJavaContent":false},{"kind":"binary","path":"C:\\Users\\xavier capistrano\\.m2\\repository\\com\\google\\protobuf\\protobuf-java\\3.6.1\\protobuf-java-3.6.1.jar","sourceContainerUrl":"file:/C:/Users/xavier%20capistrano/.m2/repository/com/google/protobuf/protobuf-java/3.6.1/protobuf-java-3.6.1-sources.jar","javadocContainerUrl":"file:/C:/Users/xavier%20capistrano/.m2/repository/com/google/protobuf/protobuf-java/3.6.1/protobuf-java-3.6.1-javadoc.jar","isSystem":false,"isOwn":false,"isTest":false,"isJavaContent":false},{"kind":"binary","path":"C:\\Users\\xavier capistrano\\.m2\\repository\\javax\\servlet\\javax.servlet-api\\4.0.1\\javax.servlet-api-4.0.1.jar","sourceContainerUrl":"file:/C:/Users/xavier%20capistrano/.m2/repository/javax/servlet/javax.servlet-api/4.0.1/javax.servlet-api-4.0.1-sources.jar","javadocContainerUrl":"file:/C:/Users/xavier%20capistrano/.m2/repository/javax/servlet/javax.servlet-api/4.0.1/javax.servlet-api-4.0.1-javadoc.jar","isSystem":false,"isOwn":false,"isTest":false,"isJavaContent":false},{"kind":"binary","path":"C:\\Users\\xavier capistrano\\.m2\\repository\\javax\\servlet\\jsp-api\\2.0\\jsp-api-2.0.jar","isSystem":false,"isOwn":false,"isTest":false,"isJavaContent":false},{"kind":"binary","path":"C:\\Users\\xavier capistrano\\.m2\\repository\\javax\\servlet\\servlet-api\\2.4\\servlet-api-2.4.jar","sourceContainerUrl":"file:/C:/Users/xavier%20capistrano/.m2/repository/javax/servlet/servlet-api/2.4/servlet-api-2.4-sources.jar","isSystem":false,"isOwn":false,"isTest":false,"isJavaContent":false},{"kind":"binary","path":"C:\\Users\\xavier capistrano\\.m2\\repository\\jstl\\jstl\\1.2\\jstl-1.2.jar","isSystem":false,"isOwn":false,"isTest":false,"isJavaContent":false},{"kind":"source","path":"C:\\Users\\xavier capistrano\\eclipse-workspace\\CmykPrintsWebsite\\src","outputFolder":"C:\\Users\\xavier capistrano\\eclipse-workspace\\CmykPrintsWebsite\\target\\classes","javadocContainerUrl":"file:/C:/Users/xavier%20capistrano/eclipse-workspace/CmykPrintsWebsite/target/site/apidocs","isSystem":false,"isOwn":true,"isTest":false,"isJavaContent":true},{"kind":"source","path":"C:\\Users\\xavier capistrano\\eclipse-workspace\\CmykPrintsWebsite\\test","outputFolder":"C:\\Users\\xavier capistrano\\eclipse-workspace\\CmykPrintsWebsite\\target\\test-classes","javadocContainerUrl":"file:/C:/Users/xavier%20capistrano/eclipse-workspace/CmykPrintsWebsite/target/site/apidocs","isSystem":false,"isOwn":true,"isTest":true,"isJavaContent":true},{"kind":"source","path":"C:\\Users\\xavier capistrano\\eclipse-workspace\\CmykPrintsWebsite\\src\\main\\resources","outputFolder":"C:\\Users\\xavier capistrano\\eclipse-workspace\\CmykPrintsWebsite\\target\\classes","isSystem":false,"isOwn":true,"isTest":false,"isJavaContent":false},{"kind":"source","path":"C:\\Users\\xavier capistrano\\eclipse-workspace\\CmykPrintsWebsite\\src\\test\\resources","outputFolder":"C:\\Users\\xavier capistrano\\eclipse-workspace\\CmykPrintsWebsite\\target\\test-classes","isSystem":false,"isOwn":true,"isTest":true,"isJavaContent":false},{"kind":"source","path":"C:\\Users\\xavier capistrano\\eclipse-workspace\\CmykPrintsWebsite\\test","outputFolder":"C:\\Users\\xavier capistrano\\eclipse-workspace\\CmykPrintsWebsite\\target\\test-classes","javadocContainerUrl":"file:/C:/Users/xavier%20capistrano/eclipse-workspace/CmykPrintsWebsite/target/site/apidocs","isSystem":false,"isOwn":true,"isTest":false,"isJavaContent":false}]}